﻿Sr. No.,Authors,Title,book_title,Date,ISBN,publisher,Faculty_author,Year
1,Ashwini Jarali,Face-Based Alumni Tracking on Social Media Using Deep Learning,Innovative Data Communication Technologies and Application pp 857-869,February 2021,78-981-15-9651-3,Springer,Ashwini Jarali,2021
2,Ajitkumar Shitole and Dr. Manoj Devare,Machine Learning Supported Statistical Analysis of IoT Enabled Physical Location Monitoring Data,"New Trends in Computational Vision and Bio-inspired
Computing,",September 2020,pp: 137-148,Springer,Ajitkumar Shitole and Dr. Manoj Devare,2020
3,"Nikhil Yadav, Omkar Kudale, Aditi Rao, Srishti Gupta,
and Ajitkumar Shitole",Twitter Sentiment Analysis Using Supervised Machine Learning,"Intelligent Data Communication Technologies and Internet
of Things, Lecture Notes on Data Engineering and Communications Technologies
",February 2021,NA,Springer,AjitKumar shitole,2021
